date,SP500,NYSE,NASDAQ,b30ret,b20ret,b10ret,b7ret,b5ret,b2ret,b1ret,t90ret,t30ret,cpiret
2000-02-01,-0.02031300243690115,-0.04791875450928629,0.17558841618162369,0.036776,0.030678,0.013598,0.009505,0.009169,0.006842,0.005797,0.004262,0.004295,0.005924
2000-03-01,0.09232375063667675,0.08884048578839554,-0.026725706468715416,0.047912,0.034984,0.034752,0.027027,0.017635,0.006593,0.005338,0.004793,0.004377,0.008245
2000-04-01,-0.031279910953390555,-0.005481791910419531,-0.16929415579751428,-0.013274,-0.007828,-0.010026,-0.006717,-0.004274,0.001496,0.003549,0.004941,0.004595,0.000584
2000-05-01,-0.0221587523957556,-0.0008695269802139194,-0.1267951135242349,-0.000867,-0.004246,0.001771,0.005836,0.004903,0.004925,0.004305,0.006164,0.004782,0.001168
2000-06-01,0.023651631558432307,-0.0010409262972039812,0.15374277552524163,0.020563,0.020999,0.022074,0.019042,0.018501,0.011403,0.007794,0.004348,0.003744,0.005248
2000-07-01,-0.01647626719348505,-0.003583821747037419,-0.051509521070203235,0.020272,0.018508,0.00464,0.008591,0.0072,0.006752,0.005483,0.004468,0.004772,0.00232
2000-08-01,0.05892822369153272,0.051564110591943546,0.11031904000867776,0.020774,0.022423,0.016603,0.015843,0.013304,0.007772,0.005976,0.005156,0.005002,0.0
2000-09-01,-0.05496632087674769,-0.017180483724953177,-0.13563553350330082,-0.024577,-0.013494,-0.001323,0.007017,0.010004,0.007983,0.005337,0.005281,0.005093,0.005208
2000-10-01,-0.004961774691885523,0.004484384431378885,-0.08615686671277167,0.018404,0.017418,0.008647,0.009339,0.008094,0.006054,0.004956,0.005153,0.005217,0.001727
2000-11-01,-0.08345618792359133,-0.055950275087624846,-0.2600879635047564,0.029119,0.030494,0.025641,0.024855,0.016327,0.010289,0.006788,0.005437,0.004966,0.000575
2000-12-01,0.0040452525456853294,0.042116659676201706,-0.05028628506563049,0.02645,0.026133,0.030723,0.023028,0.023355,0.012919,0.009996,0.005512,0.004909,-0.000574
2001-01-01,0.03405023140926122,0.010253117817374147,0.11540372467317361,-0.001917,0.002511,0.004164,0.011923,0.01351,0.013519,0.012048,0.0069,0.005243,0.006322
2001-02-01,-0.09683114482086808,-0.05688962247642948,-0.25351370817407304,0.014203,0.018639,0.011636,0.012849,0.01131,0.006873,0.004732,0.003967,0.003653,0.003998
2001-03-01,-0.06635853454793583,-0.051179806467546385,-0.15641180791008846,-0.014758,-0.007316,0.00275,0.006763,0.008259,0.007193,0.007367,0.004678,0.00432,0.002275
2001-04-01,0.07400701716559066,0.06368673241845535,0.13973405320694177,-0.043105,-0.031123,-0.027449,-0.015447,-0.008237,0.002154,0.004721,0.00447,0.003864,0.003973
2001-05-01,0.005077276192499092,0.010717757589414845,-0.0027207811114848823,0.008805,0.003703,0.001373,0.003136,0.002011,0.005381,0.006094,0.003853,0.003183,0.004522
2001-06-01,-0.02535410549182071,-0.03152107592085329,0.02343806514293778,0.004153,0.005339,0.002161,0.001581,0.00223,0.003227,0.002773,0.003001,0.002778,0.001688
2001-07-01,-0.010798241319024626,-0.007781564261795992,-0.06373720652070958,0.038582,0.038935,0.030526,0.028164,0.022406,0.01311,0.007754,0.003305,0.002999,-0.002809
2001-08-01,-0.06625562852916911,-0.048317620510012205,-0.11582218170079983,0.026989,0.0236,0.015065,0.014634,0.011976,0.007129,0.004845,0.003284,0.002996,0.0
2001-09-01,-0.0852566327694193,-0.07779905711879032,-0.1861339997942011,-0.00266,0.004898,0.022599,0.025211,0.023823,0.017807,0.010444,0.004224,0.00273,0.004507
2001-10-01,0.01793727226268249,0.00458568629902345,0.12018201572374032,0.088895,0.05198,0.031821,0.028631,0.020708,0.012043,0.007903,0.002545,0.002154,-0.003365
2001-11-01,0.07248427993671047,0.05852672506618539,0.1329736169029463,-0.055366,-0.051658,-0.035211,-0.029733,-0.018299,-0.005276,0.001236,0.002106,0.001749,-0.001688
2001-12-01,0.007545296609038132,0.01801621785329921,0.010214039120106655,-0.022782,-0.014911,-0.017354,-0.0124,-0.009027,0.00025,0.002073,0.001592,0.001484,-0.003946
2002-01-01,-0.01569637859279549,-0.01934609497365969,-0.00842856831099148,0.010098,0.011488,0.004609,0.005779,0.003923,0.002636,0.000687,0.001488,0.00139,0.002264
2002-02-01,-0.020984861119793585,0.00017328495924751053,-0.11062362008699367,0.006827,0.012538,0.012027,0.01298,0.011665,0.0054,0.003139,0.001373,0.001285,0.003953
2002-03-01,0.03608010666721562,0.03703554848095436,0.06368664430398585,-0.050435,-0.040447,-0.03679,-0.029495,-0.023253,-0.008508,-0.002648,0.001376,0.001341,0.005624
2002-04-01,-0.06338465474468347,-0.0447046409880123,-0.0889883169214638,0.036252,0.040135,0.029382,0.028622,0.023723,0.013578,0.007708,0.001669,0.001546,0.005593
2002-05-01,-0.009122969376784695,-0.005939012923759535,-0.04389377640336356,0.002146,0.001533,0.008136,0.011315,0.010847,0.004414,0.002214,0.001607,0.001442,0.0
2002-06-01,-0.0752143496031783,-0.06835018679729288,-0.0991542291330818,0.018716,0.018251,0.021555,0.018485,0.016332,0.00943,0.005796,0.001432,0.001312,0.000556
2002-07-01,-0.08229988459363824,-0.08145639706962093,-0.09676280333447629,0.035049,0.030021,0.03077,0.030141,0.028037,0.015878,0.005072,0.001556,0.001507,0.001112
2002-08-01,0.004869557741769448,0.00847123737561617,-0.010147250261530516,0.06011,0.045547,0.030178,0.022089,0.016825,0.004572,0.000968,0.001467,0.001402,0.003331
2002-09-01,-0.11656114050838795,-0.1066058421863243,-0.11495963773863771,0.042904,0.041489,0.04689,0.036019,0.030206,0.010277,0.004035,0.001606,0.001414,0.00166
2002-10-01,0.08291439611915408,0.05982246810251901,0.12622802026450852,-0.041985,-0.028103,-0.020221,-0.008435,-0.003478,0.002358,0.002565,0.001475,0.001334,0.001657
2002-11-01,0.055500571043499924,0.04621831595037129,0.10622648868080287,-0.003344,-0.011966,-0.021163,-0.019251,-0.017077,-0.005049,-0.000347,0.001557,0.001166,0.0
2002-12-01,-0.06222926619772107,-0.04628227874845692,-0.10190419463669365,0.042637,0.044021,0.035968,0.034456,0.028048,0.011089,0.00448,0.001199,0.001079,-0.002206
2003-01-01,-0.027797487730551573,-0.026615023202969823,-0.010992329793705125,-0.004782,-0.004343,-0.008285,-0.007164,-0.006167,0.000875,0.000443,0.001084,0.000934,0.004422
2003-02-01,-0.017149829499765623,-0.03184710085162834,0.012496248659145337,0.029008,0.030871,0.02623,0.021521,0.016693,0.005203,0.001683,0.00085,0.000871,0.007705
2003-03-01,0.00832283659298838,0.00299380234371327,0.0027252325476974093,-0.01793,-0.011278,-0.005651,-0.002253,2e-05,0.0019,0.002141,0.001198,0.00102,0.006008
2003-04-01,0.07792734002637935,0.08144012721794702,0.08784178167446477,0.011381,0.009585,-6.9e-05,0.0024,0.001737,0.001626,0.001039,0.00093,0.000939,-0.002172
2003-05-01,0.04964571199782597,0.057517899151935836,0.08605994610519296,0.064188,0.057641,0.042443,0.03375,0.025215,0.004609,0.001078,0.000958,0.000903,-0.001632
2003-06-01,0.01125859814062835,0.012760019430785974,0.016708954561773126,-0.023214,-0.01402,-0.009082,-0.004886,-0.002791,0.0022,0.002162,0.001439,0.000984,0.00109
2003-07-01,0.016093504013478643,0.00972884272257346,0.06686586952801132,-0.104917,-0.093603,-0.066819,-0.046952,-0.03069,-0.006811,-0.000905,0.000746,0.000674,0.001089
2003-08-01,0.017715355943955124,0.018035708725548716,0.04255645422459775,0.023022,0.009902,0.004672,-0.000653,-0.002624,-0.002283,0.000532,0.000717,0.000689,0.003806
2003-09-01,-0.012016271671428491,-0.00285387668206738,-0.013070779193365745,0.055228,0.058097,0.046768,0.04035,0.033421,0.01215,0.003814,0.001072,0.000865,0.00325
2003-10-01,0.05350426070312331,0.05430600927621043,0.07815977832085697,-0.031384,-0.029366,-0.024426,-0.018579,-0.014593,-0.0051,-0.000772,0.000774,0.0007,-0.00108
2003-11-01,0.007103216390662581,0.01895169282520648,0.014412717168744038,0.004057,0.003887,0.001662,-9.4e-05,-0.000681,-0.001446,-0.000455,0.000804,0.000725,-0.002703
2003-12-01,0.04951898497110463,0.06239230782743732,0.021753637615019805,0.013211,0.016052,0.010311,0.011373,0.010046,0.006885,0.003836,0.000971,0.000831,-0.001084
2004-01-01,0.017128847057715113,0.013465534544168989,0.030856164760053595,0.019525,0.015763,0.012966,0.009444,0.005584,0.002965,0.001233,0.000868,0.000696,0.004883
2004-02-01,0.012135045336105321,0.021254233242183673,-0.01773983215227748,0.021635,0.023563,0.017481,0.01592,0.012425,0.00532,0.001592,0.000663,0.000623,0.0054
2004-03-01,-0.01649420417864178,-0.014040865479381992,-0.017694110954892928,0.014178,0.013929,0.014353,0.012258,0.011272,0.003441,0.00141,0.000918,0.000844,0.006445
2004-04-01,-0.016933314713064362,-0.024488761709443807,-0.037849661052959505,-0.067295,-0.059584,-0.04909,-0.040496,-0.033809,-0.012968,-0.00331,0.000816,0.000795,0.003202
2004-05-01,0.012011028036096327,0.00701021158942261,0.034091778861411015,-0.003441,-0.0041,-0.006666,-0.004916,-0.004927,-0.001439,-0.000371,0.000749,0.000603,0.005851
2004-06-01,0.017829111362111405,0.018073938837703807,0.030266082368547664,0.011977,0.013616,0.010107,0.008733,0.00557,0.000646,0.0002,0.000819,0.000817,0.003173
2004-07-01,-0.03489223484716675,-0.030732570713642104,-0.08158216248933137,0.016703,0.014664,0.01208,0.00959,0.007603,0.003181,0.001789,0.000896,0.000919,-0.001581
2004-08-01,0.002284738319904278,0.007944172193999677,-0.026446603308028394,0.043186,0.039549,0.032183,0.026443,0.020377,0.008366,0.003512,0.001258,0.001116,0.000528
2004-09-01,0.009320306218270069,0.01781766979914501,0.031456909540534816,0.009077,0.008695,0.002804,0.00204,0.000598,-0.001396,-0.000269,0.001327,0.001185,0.002111
2004-10-01,0.013916952102817959,0.018466984969220945,0.0403740044285934,0.01872,0.015813,0.011144,0.008994,0.006911,0.003467,0.001553,0.001111,0.001129,0.005266
2004-11-01,0.037868776906828217,0.045708120407729425,0.05985384002751015,-0.025773,-0.022469,-0.017663,-0.018028,-0.014843,-0.00572,-0.002025,0.001474,0.001541,0.000524
2004-12-01,0.03194257321148264,0.03428276387633744,0.036813745865369896,0.029946,0.024136,0.013398,0.011803,0.00749,0.001828,0.001464,0.002104,0.001672,-0.003665
2005-01-01,-0.025615767695305713,-0.022348378933363833,-0.0533557567018903,0.038437,0.028471,0.009351,0.004691,0.000411,-0.000905,0.000604,0.00169,0.001661,0.002102
2005-02-01,0.018726898056026897,0.03211697013354886,-0.005196707818297064,-0.015657,-0.014668,-0.013112,-0.012305,-0.010545,-0.002707,-0.000387,0.001613,0.001641,0.005768
2005-03-01,-0.019302760921690698,-0.021217269624562718,-0.02591635481814336,-0.00093,-0.004377,-0.004518,-0.003489,-0.002861,0.000109,0.001544,0.002385,0.002123,0.007821
2005-04-01,-0.020313511500222425,-0.022463084741591643,-0.03957789196587669,0.039067,0.035333,0.026104,0.020601,0.015349,0.006062,0.003691,0.002189,0.002072,0.006725
2005-05-01,0.02951224448901968,0.017820364566290436,0.0735041151082223,0.032511,0.03217,0.018363,0.020712,0.010154,0.004763,0.003251,0.002672,0.002395,-0.001028
2005-06-01,-0.00014272436450557535,0.01162904245646601,-0.005459174104879949,0.022747,0.017606,0.009046,0.002256,0.004573,0.001778,0.001802,0.002256,0.002263,0.000514
2005-07-01,0.03533653227186839,0.03523879246600181,0.060308912378499,-0.036368,-0.031633,-0.021346,-0.020219,-0.01506,-0.004307,-0.000608,0.002114,0.002383,0.004627
2005-08-01,-0.011285547502899007,0.0025953413242323364,-0.015098554248957896,0.035543,0.032788,0.020806,0.018484,0.015683,0.007228,0.004896,0.003081,0.00292,0.005118
2005-09-01,0.006924991121192825,0.018096799629088167,-0.000185951179104471,-0.041069,-0.033298,-0.018281,-0.017388,-0.012072,-0.003314,-6e-05,0.003136,0.002848,0.01222
2005-10-01,-0.01790003390634265,-0.026532624452206832,-0.014695941511690513,-0.022459,-0.019975,-0.011898,-0.011174,-0.008743,-0.000763,0.001098,0.002667,0.002728,0.002012
2005-11-01,0.03458121395472791,0.02814273025396652,0.05170778004327925,0.012485,0.007972,0.006295,0.006018,0.004313,0.003289,0.002993,0.003393,0.003045,-0.008032
2005-12-01,-0.0009528030899303985,0.014113980277858929,-0.01239273709524813,0.026477,0.027379,0.011198,0.010786,0.005806,0.003983,0.003666,0.00317,0.00316,-0.004049
2006-01-01,0.025147895607580573,0.044469936653792175,0.044563737121438685,-0.015976,-0.011112,-0.004563,-0.004991,-0.002261,0.001664,0.001937,0.003212,0.003488,0.007622
2006-02-01,0.0004530550834003222,-0.005683133710194355,-0.010651531962240668,0.012809,0.008721,0.000153,-0.002072,-0.001712,0.000597,0.002138,0.00327,0.003322,0.002017
2006-03-01,0.011034703509450239,0.02118556514969505,0.025276339205070997,-0.055518,-0.040187,-0.019782,-0.010402,-0.006159,0.001006,0.002633,0.003923,0.003642,0.005536
2006-04-01,0.012082366269225986,0.028524504468460776,-0.007386837827827897,-0.038002,-0.024514,-0.008795,-0.004494,-0.001292,0.002915,0.003109,0.00334,0.003559,0.008509
2006-05-01,-0.03140492932031602,-0.03389408253751647,-0.06386343109061787,-0.005631,-0.001525,-0.001047,-0.001838,-0.001677,0.001361,0.002628,0.004294,0.004195,0.004963
2006-06-01,8.659275533506872e-05,-0.0024501563707950424,-0.0031210513881676505,0.010872,0.01062,0.003077,0.003175,0.000956,0.0015,0.002458,0.003842,0.00397,0.001975
2006-07-01,0.005072989405988437,0.008902556816273943,-0.03782272412389087,0.023037,0.021198,0.016418,0.015436,0.013136,0.008253,0.005809,0.004207,0.003976,0.002957
2006-08-01,0.021051056620195574,0.017611215027480753,0.04317642844909031,0.033521,0.028996,0.021575,0.016606,0.013386,0.0073,0.005217,0.004477,0.004283,0.001966
2006-09-01,0.02426939911430903,0.009620409987519452,0.03362626887494713,0.022313,0.017554,0.011343,0.010171,0.007946,0.004989,0.004391,0.004418,0.004047,-0.004904
2006-10-01,0.031021812670561033,0.03541531194929526,0.04683093722463472,0.011512,0.00811,0.007074,0.00576,0.004238,0.003894,0.003965,0.003932,0.004076,-0.005421
2006-11-01,0.016332551131229778,0.02186964356988952,0.027118606729240824,0.028752,0.020207,0.013674,0.011619,0.008574,0.005344,0.004218,0.004312,0.004243,-0.001487
2006-12-01,0.012536866857911555,0.0187789202839852,-0.006800016411039778,-0.035085,-0.02417,-0.015746,-0.01155,-0.00749,-0.000605,0.002285,0.004088,0.004036,0.001489
2007-01-01,0.013961131307326013,0.01258171541005737,0.01993822954886415,-0.010679,-0.007534,-0.0036,-0.001775,-0.000763,0.001951,0.003995,0.00441,0.004328,0.003053
2007-02-01,-0.022088337053377316,-0.014167331309895559,-0.019582284612879697,0.035901,0.028796,0.019999,0.018779,0.015508,0.008344,0.005063,0.003807,0.003837,0.00535
2007-03-01,0.009930511784698837,0.014933115842904243,0.002269628414534708,-0.021418,-0.01211,-0.002247,0.001164,0.003053,0.004382,0.003904,0.004365,0.004257,0.009106
2007-04-01,0.04237984325324007,0.03874691764486471,0.041831788228957834,0.008677,0.008095,0.006799,0.005634,0.004633,0.003723,0.003403,0.004529,0.004348,0.006496
2007-05-01,0.032030723851896425,0.03579924825304737,0.030971664226304263,-0.025944,-0.020529,-0.014483,-0.013946,-0.011059,-0.001889,0.002538,0.004487,0.004046,0.006111
2007-06-01,-0.01797694386967663,-0.010641036384715363,-0.0004954304983479929,-0.013263,-0.008926,-0.006804,-0.001106,0.000799,0.004189,0.004246,0.003801,0.003918,0.001938
2007-07-01,-0.03250447118036437,-0.03279348917682512,-0.022123423304514667,0.039013,0.030381,0.023884,0.021695,0.018827,0.010287,0.006321,0.004037,0.003962,-0.000254
2007-08-01,0.01278153901893031,0.004436266792939847,0.019480954599005784,0.014998,0.017484,0.01713,0.022029,0.017403,0.010008,0.007002,0.005694,0.004205,-0.001834
2007-09-01,0.035168290262790336,0.04505691128919587,0.03969666881614664,0.00233,0.001447,-0.00044,0.002781,0.004294,0.006878,0.005447,0.003905,0.003347,0.002756
2007-10-01,0.014713560940171178,0.026765053218600343,0.05670675186235563,0.018432,0.01578,0.013082,0.009846,0.007296,0.004278,0.003567,0.003145,0.003212,0.002139
2007-11-01,-0.045042782630903666,-0.04510387367416335,-0.07182698090449868,0.062646,0.048778,0.044192,0.039726,0.037483,0.020658,0.011388,0.004658,0.003395,0.00594
2007-12-01,-0.008665949670829676,-0.011892601918527035,-0.0032672867697369767,-0.00874,-0.006067,-0.003627,0.001302,0.000672,0.001824,0.001147,0.002879,0.002921,-0.000671
2008-01-01,-0.06311386420630871,-0.06512897160947873,-0.10418482671924245,0.025452,0.025689,0.038355,0.036982,0.033951,0.020304,0.013061,0.005008,0.00243,0.004971
2008-02-01,-0.035379739592448445,-0.018100293280980395,-0.050803238945338336,-0.00759,0.000404,0.009265,0.014976,0.014841,0.009926,0.005399,0.001676,0.001325,0.002904
2008-03-01,-0.0059774528264187055,-0.018601014565620133,0.003349078218227497,0.022067,0.012042,0.011256,0.017594,0.004523,0.003037,0.002887,0.00243,0.001869,0.008668
2008-04-01,0.04645095190758575,0.055527622525781695,0.05700724802487045,-0.025128,-0.018873,-0.016442,-0.029068,-0.023902,-0.012268,-0.002938,0.001126,0.001025,0.006065
2008-05-01,0.010617614807393316,0.010853238126390607,0.044525946462766974,-0.036625,-0.029605,-0.018756,-0.018669,-0.015239,-0.005992,-0.001104,0.000221,0.000946,0.008421
2008-06-01,-0.08988355391782221,-0.08205438218821115,-0.09546159240949859,0.036209,0.023758,0.010754,0.014134,0.007218,0.003551,0.001278,0.001831,0.00175,0.010077
2008-07-01,-0.009908296633773794,-0.025949085893181234,0.01410431807789081,-0.00412,-0.000827,0.005155,0.009349,0.007249,0.00523,0.003177,0.00172,0.00144,0.005251
2008-08-01,0.012116759351493478,-0.006725013482711262,0.01788641082197362,0.0285,0.023764,0.015313,0.012839,0.008864,0.004534,0.002366,0.001413,0.001282,-0.003992
2008-09-01,-0.09518076507694317,-0.10682931032383358,-0.12377987486116115,0.0221,0.007784,0.000875,0.003465,0.009371,0.010026,0.005113,0.002546,0.00153,-0.001383
2008-10-01,-0.1856364738868823,-0.2173771666009685,-0.19518669160224178,-0.006968,-0.036296,-0.028592,-0.007144,0.010844,0.012592,0.005218,0.001208,0.000792,-0.010101
2008-11-01,-0.07779835731330564,-0.07924807106816267,-0.11397482292012029,0.172202,0.144461,0.085378,0.081895,0.045233,0.012121,0.00717,0.001024,0.000228,-0.019153
2008-12-01,0.007791146673498339,0.02778360176283634,0.026641737201243743,0.146556,0.091421,0.056872,0.036706,0.023094,0.006517,0.00389,6.3e-05,2.9e-05,-0.010342
2009-01-01,-0.08954987959881677,-0.10257646700386225,-0.06592308152837045,-0.147382,-0.105931,-0.044454,-0.029484,-0.016891,-0.004086,-0.001545,-3.8e-05,2.3e-05,0.004352
2009-02-01,-0.11645651319919015,-0.11809709510868771,-0.06910323757246761,-0.016446,-0.004178,-0.00192,-0.011374,-0.005036,-0.000711,-0.001389,0.00028,0.000147,0.004973
2009-03-01,0.08195269356125578,0.07547345216173262,0.10382868877254481,0.035141,0.057347,0.03291,0.032325,0.018826,0.005159,0.001434,0.000351,0.000159,0.002432
2009-04-01,0.08977221824359916,0.10194916601901127,0.11640759892957586,-0.084469,-0.061338,-0.035782,-0.024371,-0.01675,-0.001117,0.001908,0.000359,0.000125,0.002496
2009-05-01,0.05172057715517475,0.08526333044291512,0.0326695436728528,-0.045676,-0.025809,-0.016442,-0.019651,-0.013248,0.000831,0.000361,0.000118,1.7e-05,0.002889
2009-06-01,0.0001958080939532536,-0.01661270832955708,0.03364343880746734,0.004932,0.006795,0.002851,-0.005474,-0.00725,-0.002294,0.000567,0.000108,7.5e-05,0.00859
2009-07-01,0.07152194934301459,0.08425969381181808,0.07527268092226524,0.008809,0.007232,0.008263,0.008512,0.006035,0.00192,0.001105,0.000196,0.000119,-0.001586
2009-08-01,0.033009336342854745,0.033515302763458266,0.01532799831302345,0.024428,0.020938,0.010147,0.010546,0.009517,0.004433,0.001488,0.000241,0.000116,0.002243
2009-09-01,0.035100067367746846,0.03949713281231659,0.05488993012561494,0.024697,0.016535,0.010322,0.010792,0.006463,0.002416,0.000799,0.00025,7.9e-05,0.000625
2009-10-01,-0.019959880197119695,-0.025118616177188358,-0.0371053396654446,-0.024902,-0.01416,-0.003575,0.002101,0.003621,0.002946,-2.1e-05,0.000195,4e-05,0.000963
2009-11-01,0.0557790765867372,0.051039780866906526,0.04750152972325239,0.00707,0.01841,0.018977,0.02212,0.018421,0.006743,0.001892,0.000104,4e-06,0.000708
2009-12-01,0.017614520350299756,0.01297181785693624,0.05645216865416636,-0.065857,-0.054419,-0.037937,-0.038514,-0.027479,-0.00697,-0.001166,6.6e-05,6.2e-05,-0.001761
2010-01-01,-0.03767512371219439,-0.04282205846037712,-0.05517069974088251,0.027458,0.029431,0.020794,0.023747,0.018564,0.008927,0.003246,6.2e-05,2.8e-05,0.003417
2010-02-01,0.028114739741840644,0.02173549349456394,0.041464213408283435,-0.007625,-0.002964,0.002013,0.003708,0.004494,0.001837,-0.000473,1.5e-05,1e-05,0.000249
2010-03-01,0.05713281541639237,0.05701527858444955,0.0689195769478177,-0.020685,-0.013103,-0.014015,-0.00993,-0.007662,-0.001592,-0.000869,4.2e-05,6.8e-05,0.004106
2010-04-01,0.014651373006918433,0.003565174887546263,0.02602658940101854,0.035545,0.029069,0.016503,0.013512,0.009075,0.002381,0.000162,0.000129,0.000111,0.001737
2010-05-01,-0.08553157288349045,-0.09580172408475818,-0.08659071138420416,0.053633,0.040848,0.025297,0.025802,0.015079,0.005645,0.000695,0.000129,0.000112,0.000775
2010-06-01,-0.05538844940550369,-0.04856011521825465,-0.06772654922524346,0.059823,0.044813,0.033851,0.024838,0.018435,0.004265,0.001116,0.000118,0.000127,-0.000976
2010-07-01,0.06651579901085647,0.07864389028965135,0.06668921635343317,-0.013918,-0.000159,0.007935,0.009597,0.011016,0.001881,0.000856,0.000176,0.000142,0.000211
2010-08-01,-0.04861182288741883,-0.04303916335321212,-0.06442081244161191,0.087271,0.073081,0.035527,0.022601,0.013728,0.001747,0.001025,0.000145,0.000126,0.001381
2010-09-01,0.08392847418803395,0.08255108222352803,0.11371146423852085,-0.027617,-0.017073,-0.001971,0.003909,0.005236,0.001503,0.000346,4.4e-05,0.000125,0.000582
2010-10-01,0.03619305175049092,0.03140364592923994,0.05694275628333578,-0.047609,-0.029154,-0.005208,0.001257,0.006257,0.002339,0.000304,0.000159,0.000112,0.001245
2010-11-01,-0.0022928763797240848,-0.011029094243150794,-0.0036678395286635634,-0.018945,-0.016369,-0.007214,-0.010132,-0.012155,-0.002914,-0.000524,4.6e-05,0.000114,0.000421
2010-12-01,0.06325648750899848,0.06928154297786371,0.06005964369230998,-0.033938,-0.03845,-0.038909,-0.03125,-0.022323,-0.001872,-8.3e-05,0.00022,0.00014,0.001718
2011-01-01,0.02239296981241168,0.021753099831604672,0.01763931413722286,-0.033947,-0.018943,-0.000224,0.004017,0.006702,0.001807,0.001078,5.8e-05,6.6e-05,0.004763
2011-02-01,0.03145657676282454,0.036123469971567346,0.02998571715679965,0.013722,0.009301,-0.000203,-0.004725,-0.00592,-0.00124,0.000241,0.000142,0.000122,0.004931
2011-03-01,-0.0010478617545839342,-0.003986026662994746,-0.0004313779749303137,0.002477,0.000606,-0.000481,-0.001206,-0.002384,-0.001361,7.7e-05,0.000237,6.7e-05,0.009751
2011-04-01,0.028096938770245217,0.03120698225417229,0.032708962451718726,0.021352,0.020522,0.014547,0.018198,0.017115,0.005492,0.000672,0.000208,5.3e-05,0.006439
2011-05-01,-0.013592919455283514,-0.022641749457067206,-0.01339696386039435,0.034299,0.033069,0.024937,0.023058,0.016184,0.003772,0.001021,6.4e-05,1.3e-05,0.004704
2011-06-01,-0.01842618591193279,-0.018835646939503903,-0.022030490274186576,-0.020786,-0.015913,-0.005928,-0.002822,0.000608,0.001331,0.000198,0.000103,3.5e-05,-0.001071
2011-07-01,-0.02170835585666353,-0.029231473001594566,-0.006199096515660862,0.045984,0.043219,0.031082,0.027002,0.021177,0.002698,-0.000921,-8.3e-05,-2.8e-05,0.000886
2011-08-01,-0.05846750227195674,-0.07064133025794739,-0.06633812256115501,0.100097,0.082606,0.047503,0.035711,0.020564,0.003605,0.001945,0.000231,8.3e-05,0.002758
2011-09-01,-0.07446710071978657,-0.10298732360111629,-0.06571519512901958,0.138029,0.072288,0.029468,0.009159,0.002422,-0.001143,-0.001243,8e-06,-1e-06,0.001518
2011-10-01,0.10230659176938861,0.10762426264033031,0.10559606735265081,-0.037082,-0.022895,-0.012101,-0.005505,0.000677,0.001335,0.00065,2.5e-05,1.4e-05,-0.002063
2011-11-01,-0.005071553722512334,-0.010483949356382638,-0.024156817893581817,0.021636,0.016038,0.008685,0.005789,0.002623,0.000186,0.000291,6e-06,4e-06,-0.000844
2011-12-01,0.008496565407114964,-0.0009985897928608267,-0.005813896251906314,0.034102,0.027565,0.019019,0.014868,0.006518,0.000491,-0.000495,-9e-06,0.0,-0.002467
2012-01-01,0.04266004446780691,0.04720930994260719,0.07705991211085905,-0.005795,0.000123,0.008827,0.010223,0.007973,0.000864,0.00045,-4.8e-05,-2e-06,0.0044
2012-02-01,0.039787344672045144,0.03445238849255183,0.052964100182015805,-0.024496,-0.020789,-0.010592,-0.007426,-0.005721,-0.001303,-0.000635,1.8e-05,3.1e-05,0.004403
2012-03-01,0.030851475632995395,0.011481557213919302,0.04116484467324977,-0.044988,-0.035932,-0.019458,-0.011703,-0.007109,-0.000274,-0.000285,8.8e-05,4.6e-05,0.007595
2012-04-01,-0.0075256995449883846,-0.010764490086884848,-0.014731604062774295,0.047272,0.04163,0.028413,0.021896,0.012062,0.002289,0.000716,3.6e-05,2.9e-05,0.003021
2012-05-01,-0.0646993081586249,-0.08412829190209159,-0.07461109913704078,0.098554,0.082921,0.03144,0.022031,0.00839,0.00029,0.000108,0.000175,6.5e-05,-0.001173
2012-06-01,0.03879271987370014,0.04427348404429665,0.037388134144360485,-0.019824,-0.016865,-0.006625,-0.004542,-0.001385,-0.000607,-0.000491,9.5e-05,2.2e-05,-0.001466
2012-07-01,0.01251888494028286,0.007926920550925587,0.0015218038133086864,0.044671,0.03525,0.015792,0.010579,0.008221,0.002624,0.001154,0.000102,3.2e-05,-0.00163
2012-08-01,0.019570609701871078,0.019019570495032667,0.0424405208902634,-0.019212,-0.012587,-0.002442,-0.000892,0.001074,-0.000251,-0.000172,0.000123,5e-05,0.005565
2012-09-01,0.02394711879625433,0.0290283307915562,0.01593710134726045,-0.028056,-0.020368,-0.006372,-0.001414,0.000245,1.9e-05,0.000157,0.000109,6.7e-05,0.004462
2012-10-01,-0.0199878423580504,-0.0035938467413920705,-0.04563060012246378,-0.003986,-0.002611,-0.002909,-0.004347,-0.003651,-0.000574,8e-05,6.7e-05,3.7e-05,-0.000389
2012-11-01,0.0028426724604573295,0.004736048077516486,0.011026475082650755,0.013069,0.011232,0.00938,0.008396,0.007181,0.00103,0.000265,0.000195,8.5e-05,-0.004738
2012-12-01,0.007043368100712932,0.021921464716001537,0.003074763243786194,-0.025503,-0.017688,-0.008797,-0.007175,-0.003136,0.000428,0.000379,0.000118,0.000103,-0.002693
2013-01-01,0.04919779199874608,0.05205864243461278,0.03980630680128172,-0.040356,-0.032754,-0.014939,-0.010384,-0.005317,0.000317,0.000448,1.9e-05,2.2e-05,0.002957
2013-02-01,0.010999927126354336,-0.0029262651839747633,0.005731257229975029,0.01649,0.012462,0.011635,0.011607,0.006808,0.000928,0.000347,1.7e-05,5.4e-05,0.00819
2013-03-01,0.03535529432970552,0.026517296666090928,0.03339915953007022,-0.000857,-0.001676,0.003768,0.003451,0.001281,4.5e-05,0.00017,0.000143,4.1e-05,0.002615
2013-04-01,0.017924165836651795,0.01847752564807692,0.018577592968842538,0.047396,0.038864,0.017563,0.009879,0.005781,0.001233,0.000714,0.000165,3.7e-05,-0.00104
2013-05-01,0.020550202383511795,0.0027331352665047604,0.03747689717280345,-0.069915,-0.057787,-0.031221,-0.023619,-0.014887,-0.001478,-7.4e-05,9.3e-05,1.2e-05,0.00178
2013-06-01,-0.015112928770280476,-0.020590411255472674,-0.015354926093628762,-0.039381,-0.034452,-0.029891,-0.02459,-0.016287,-0.000671,-3.8e-05,5.3e-05,1.3e-05,0.0024
2013-07-01,0.048277728051788316,0.04779734805932634,0.0635013228481025,-0.022609,-0.016208,-0.004527,0.000936,0.002921,0.001729,0.000688,4.8e-05,9e-06,0.000394
2013-08-01,-0.03179826803794494,-0.030610751500896427,-0.010116157469244769,-0.014221,-0.011093,-0.012869,-0.013279,-0.009388,-0.001446,-5.4e-05,7.2e-05,9e-06,0.001203
2013-09-01,0.029315591366424698,0.03711858755142927,0.049351469399645964,0.005859,0.008511,0.017924,0.019578,0.014959,0.002603,0.000888,4e-05,8e-06,0.001163
2013-10-01,0.04362997111283384,0.03957541466202308,0.03855016931929889,0.01125,0.011196,0.006915,0.00556,0.005137,0.000952,0.000122,-1.8e-05,1.7e-05,-0.002575
2013-11-01,0.027663289773235178,0.01719370210801152,0.03513819168298937,-0.027712,-0.022515,-0.012242,-0.004939,0.00081,0.000946,4.2e-05,6.3e-05,3.2e-05,-0.002042
2013-12-01,0.023289474482053762,0.021094309321821214,0.028339233523524854,-0.024415,-0.020537,-0.021754,-0.019825,-0.015095,-0.001519,0.000129,0.000122,2.3e-05,-8.6e-05
2014-01-01,-0.036231407776019076,-0.04249171669351526,-0.01756224759516023,0.071553,0.057749,0.035655,0.023775,0.014623,0.001843,0.000323,0.000149,1.2e-05,0.00372
2014-02-01,0.04221337507227485,0.04494440374908848,0.048568802141335965,0.006347,0.006708,0.004406,0.002768,0.001652,0.001181,0.000266,-2.3e-05,4.5e-05,0.003698
2014-03-01,0.006908248426944041,0.00972719130720634,-0.025657565264134874,0.007645,0.004409,-0.003934,-0.009167,-0.007456,-0.000862,0.000359,9.6e-05,2.8e-05,0.00644
2014-04-01,0.006181643365585465,0.009397438585306617,-0.020312159225087,0.020936,0.017718,0.008401,0.007413,0.005358,0.001172,0.00068,5.3e-05,1.5e-05,0.003297
2014-05-01,0.02081219601335782,0.012078597266938829,0.03064911378519497,0.029464,0.025147,0.019114,0.014396,0.009674,0.001989,-6e-06,2.9e-05,8e-06,0.003493
2014-06-01,0.018878996713560525,0.020530085088569905,0.038280915181866604,-0.003218,-0.003278,-0.002418,-0.00255,-0.001924,-0.000501,4e-06,4.2e-05,2e-05,0.001862
2014-07-01,-0.015194687637991144,-0.023311844129809245,-0.008751565125688643,0.011048,0.008294,-0.00016,-0.003625,-0.003838,-0.000246,0.000281,4.7e-05,1.3e-05,-0.00039
2014-08-01,0.03696364440798927,0.02938386839250029,0.04704757200468457,0.049426,0.038171,0.018782,0.014499,0.008749,0.001195,0.000623,2.2e-05,3e-06,-0.001671
2014-09-01,-0.015635436105290168,-0.03157712195729978,-0.019150494178642674,-0.019667,-0.015959,-0.010631,-0.007935,-0.004205,-6.8e-05,0.000191,4.7e-05,4e-06,0.000753
2014-10-01,0.022936398829564553,0.013186637717966576,0.030109274714686052,0.028148,0.027575,0.013129,0.013729,0.009374,0.00262,0.00019,1e-06,1.2e-05,-0.002512
2014-11-01,0.02423747356330619,0.010129268163575844,0.034153888201586824,0.036108,0.029607,0.014195,0.012307,0.010032,0.001547,0.000189,3.4e-05,-1e-06,-0.005399
2014-12-01,-0.0041973842211255885,-0.010660507967063637,-0.01166720763653295,0.030158,0.028092,0.001414,-0.003678,-0.004644,-0.002899,-0.000691,1e-06,5e-06,-0.00567
2015-01-01,-0.03153277926642595,-0.028259179217590358,-0.021515385542588916,0.114344,0.075035,0.042437,0.036325,0.025385,0.0053,0.001475,0.000119,1.3e-05,-0.004706
2015-02-01,0.05343887632562794,0.04867350295293704,0.06842910969071525,-0.068324,-0.053983,-0.025087,-0.021312,-0.014879,-0.002444,-0.000415,-5e-06,-2.1e-05,0.004343
2015-03-01,-0.017549197433963215,-0.014898714239670596,-0.012702380949887626,0.013546,0.013056,0.008165,0.008936,0.008815,0.002385,0.000509,-2.3e-05,-8e-06,0.005952
2015-04-01,0.008484722544634948,0.013718405515056986,0.008237966559539345,-0.039438,-0.025514,-0.007956,-0.003749,-0.001265,0.000965,0.000592,8e-05,2.9e-05,0.002033
2015-05-01,0.010436729675337375,0.0005934640933809021,0.025693968893456542,-0.030017,-0.020597,-0.003817,-0.003667,-0.000934,0.000521,0.000272,3.8e-05,-5e-06,0.005097
2015-06-01,-0.021235558871758542,-0.022972865767036055,-0.01653821042289927,-0.044036,-0.027738,-0.018369,-0.011348,-0.005355,0.000394,-5.4e-05,2.9e-05,4e-06,0.003503
2015-07-01,0.01954968299001969,0.007108285611373333,0.02796179647068442,0.046044,0.039302,0.015146,0.013578,0.007164,0.00075,0.000121,6e-06,-3.7e-05,6.7e-05
2015-08-01,-0.06462473099312405,-0.06705466281300332,-0.07106017317724245,-0.010114,-0.00734,-0.001192,-0.000304,0.000371,-0.00093,6.4e-05,0.000136,2.7e-05,-0.001416
2015-09-01,-0.026798730963463413,-0.03773034424060562,-0.033280734892869646,0.024379,0.024734,0.017817,0.015837,0.012089,0.003996,0.001163,2.2e-05,-6e-06,-0.001557
2015-10-01,0.07971937954339925,0.06529943252377812,0.08970117162506419,-0.011085,-0.007161,-0.007517,-0.00803,-0.005626,-0.001092,-0.000404,-0.000129,-2.7e-05,-0.00045
2015-11-01,0.0005047417068047011,-0.004922747259438864,0.01080853910038826,-0.009328,-0.00563,-0.0035,-0.004412,-0.004427,-0.002638,-0.001749,8.9e-05,2e-05,-0.002111
2015-12-01,-0.017685658390257153,-0.025902269932498,-0.020020234513594914,-0.006,-0.004583,-0.003769,-0.004007,-0.002052,-0.000921,3e-06,0.000249,0.000103,-0.003417
2016-01-01,-0.05206761730549658,-0.05166163108163424,-0.08183448112023406,0.057283,0.049933,0.02975,0.030265,0.022615,0.006105,0.002525,-5.7e-05,3.7e-05,0.001653
2016-02-01,-0.004136905514992684,-0.0076249893418989245,-0.012211361548688515,0.029668,0.028198,0.016709,0.010797,0.006527,0.001411,0.000392,0.000341,0.000205,0.000823
2016-03-01,0.06390499028682939,0.06557142859914045,0.06619015196130995,0.002899,0.001023,-0.001442,0.000848,0.00365,0.001865,0.001369,0.000474,0.00019,0.004306
2016-04-01,0.002695761451154688,0.022239492407605255,-0.01959382072109861,-0.011362,-0.008669,-0.004458,-0.003913,-0.003028,-0.000426,0.000666,0.000254,5.1e-05,0.004741
2016-05-01,0.01520836681052451,0.0003908510227272899,0.03552418496860632,0.007188,0.007519,0.001216,-0.001491,-0.001997,-0.001043,-0.000395,0.000155,0.000115,0.004046
2016-06-01,0.0009105066031533937,0.0046591575629708615,-0.021527314715578783,0.081476,0.059325,0.033345,0.027573,0.020241,0.006537,0.002989,0.000437,0.000188,0.003284
2016-07-01,0.034990432691053286,0.027804024021454765,0.06388305693116614,0.023539,0.010644,0.003269,0.000892,-4e-06,-0.000304,-0.000439,0.000261,0.000171,-0.001618
2016-08-01,-0.0012199867803515119,-0.001926637754936067,0.00984848597853727,-0.007586,-0.016033,-0.00794,-0.010214,-0.007998,-0.002592,-0.000113,0.000269,0.000165,0.000918
2016-09-01,-0.0012352137017535014,-0.004003429373579337,0.018770663880477656,-0.01621,-0.011125,-0.001325,0.004209,0.003735,0.001262,0.000587,0.000562,0.000219,0.002404
2016-10-01,-0.019616837043472835,-0.022624505159464903,-0.02340040565507806,-0.052765,-0.033188,-0.015542,-0.010957,-0.006222,-0.000428,0.000553,0.000282,0.000168,0.001247
2016-11-01,0.03360354504443386,0.0334519432899647,0.025596820042096624,-0.092558,-0.064666,-0.040878,-0.035318,-0.023927,-0.003813,-0.00102,0.000123,0.000136,-0.001555
2016-12-01,0.018037111299278763,0.019953786909105986,0.011103326940640201,-0.003585,-0.002863,-0.003537,-0.000909,9e-05,-0.000514,0.000545,0.000437,0.000239,0.000327
2017-01-01,0.01772631462106311,0.014906973634271736,0.04213604112439029,0.003438,0.001949,0.002167,0.002368,0.002885,0.000848,0.001536,0.000476,0.000358,0.005828
2017-02-01,0.036523000738276856,0.025462139728560373,0.03683032839527911,0.0147,0.012049,0.007423,0.003661,0.000809,0.000628,5.5e-05,0.000352,0.000364,0.003146
2017-03-01,-0.00038927289213130933,-0.0016987472759986133,0.014705720953930523,-0.000788,0.000421,0.002424,0.003138,0.00322,0.001442,2.6e-05,0.000384,0.000353,0.000813
2017-04-01,0.009050132478198414,0.0037544532132169905,0.02272288608859263,0.01394,0.013358,0.011063,0.009559,0.007231,0.001317,0.000494,0.000617,0.000537,0.002966
2017-05-01,0.01150975911098051,0.005355757576436915,0.02464742696490596,0.019849,0.014953,0.007856,0.007299,0.004701,0.001096,0.00073,0.000588,0.000614,0.000855
2017-06-01,0.004802226040504287,0.01401322677196326,-0.009417426023556885,0.011944,6.6e-05,-0.001307,-0.005711,-0.003845,-0.000752,0.00032,0.000873,0.000617,0.000907
2017-07-01,0.01916401754710062,0.017360334342608752,0.033265593532030735,-0.014681,-0.004422,-7e-06,0.004046,0.004778,0.001994,0.00166,0.000917,0.000722,-0.00069
2017-08-01,0.0005462837796947895,-0.007715351116623026,0.012607418165726969,0.038103,0.029059,0.017123,0.012751,0.00776,0.001622,0.001338,0.000978,0.000827,0.002994
2017-09-01,0.01911903935235504,0.027693012807102235,0.01041429648850567,-0.02441,-0.020094,-0.017151,-0.012461,-0.008855,-0.001865,-0.000121,0.000802,0.000944,0.005295
2017-10-01,0.021945560031841893,0.01074134130123916,0.03504842191214408,-0.001464,-0.000815,-0.001133,-0.001771,-0.001956,-0.000788,0.00023,0.000939,0.00084,-0.000632
2017-11-01,0.02769554104663463,0.022972873496476254,0.0215129842978925,0.012175,0.004881,-0.002607,-0.002575,-0.003261,-0.001773,-0.000667,0.000951,0.000826,2.4e-05
2017-12-01,0.009783614574871535,0.014234828072520855,0.004270769703522248,0.020232,0.011229,0.002222,0.00029,-0.000897,-0.000203,0.000146,0.000942,0.000884,-0.000588
2018-01-01,0.05465739835832828,0.04272525079102607,0.07101753171863656,-0.036049,-0.030502,-0.023598,-0.018556,-0.012369,-0.003274,0.000496,0.001346,0.001121,0.005448
2018-02-01,-0.03972610759808415,-0.05500203569642892,-0.018859942929205786,-0.03529,-0.022646,-0.013002,-0.00722,-0.003601,-0.000346,0.000361,0.000969,0.001073,0.004535
2018-03-01,-0.027252497366939465,-0.015972723886399365,-0.029236575542643806,0.032371,0.024809,0.012783,0.009382,0.006214,0.001743,0.001566,0.001145,0.000261,0.002261
2018-04-01,0.002715085811824558,0.005070681478461125,0.0003991337709887688,-0.026111,-0.020705,-0.015476,-0.012063,-0.008743,-0.001777,0.000733,0.001479,0.001433,0.003975
2018-05-01,0.021378191183066164,0.0009407445537572556,0.051823008115679414,0.022025,0.01503,0.009592,0.009291,0.007578,0.003656,0.002171,0.001491,0.001401,0.004159
2018-06-01,0.004830749386569799,-0.001828876074327468,0.009119615471313125,0.009223,0.004947,0.00226,0.001257,0.000589,-2.1e-05,0.001498,0.001522,0.001408,0.001594
2018-07-01,0.03538795073752432,0.036052179894797476,0.021274584325517765,-0.015182,-0.012114,-0.005108,-0.003878,-0.00233,-0.000186,0.001438,0.001691,0.001558,6.7e-05
2018-08-01,0.029814314524382546,0.004126951536465029,0.05549118120144847,0.015453,0.014525,0.010064,0.009101,0.007665,0.003675,0.00243,0.001675,0.001575,0.000556
2018-09-01,0.004285093286333641,0.005029234239982472,-0.00782256664295744,-0.033121,-0.024947,-0.014807,-0.010571,-0.007518,-0.001759,0.000401,0.001524,0.00149,0.001162
2018-10-01,-0.07192934595429712,-0.06918059804964827,-0.09653635706151675,-0.032213,-0.019438,-0.004347,0.000149,0.001461,0.00183,0.002158,0.001931,0.00189,0.001767
2018-11-01,0.01770175205611757,0.020230494990572723,0.0033669608313200428,0.021458,0.021685,0.014917,0.012931,0.009218,0.004099,0.002183,0.0019,0.001795,-0.003349
2018-12-01,-0.09626521985789882,-0.09096254301633167,-0.09964835339683553,0.05661,0.047374,0.028561,0.021851,0.017452,0.008316,0.003538,0.001935,0.00193,-0.003194
2019-01-01,0.07574215198675649,0.07815611359525398,0.09296904185880273,0.006251,0.007664,0.007138,0.007007,0.005508,0.002568,0.003047,0.001923,0.00192,0.001907
2019-02-01,0.029295553365401794,0.027726400613405033,0.03386106940801348,-0.012107,-0.010048,-0.004272,-0.004038,-0.002041,0.00061,0.001884,0.00174,0.001809,0.004227
2019-03-01,0.017765510890228597,0.004109464436083954,0.025789920801846833,0.055952,0.046442,0.029419,0.021431,0.016241,0.006961,0.003373,0.001991,0.001935,0.005641
2019-04-01,0.038560397417571224,0.028247638047357526,0.046273913709571346,-0.01975,-0.014164,-0.006214,-0.002898,-0.000107,0.001933,0.002157,0.002044,0.002125,0.005295
2019-05-01,-0.06804089408287428,-0.06289580858998356,-0.08265803202708,0.076581,0.054629,0.031854,0.026899,0.019902,0.008164,0.003456,0.002196,0.001983,0.002129
2019-06-01,0.06665830156302643,0.06205779408689338,0.07158451819391232,0.010051,0.012249,0.012073,0.010693,0.008867,0.004399,0.003795,0.002163,0.001853,0.000199
2019-07-01,0.013042724833705499,0.0012934178733505775,0.020910815142345385,0.003196,0.003457,0.003435,0.000797,-0.001159,-0.000671,0.000662,0.002002,0.001783,0.001671
2019-08-01,-0.018257281743262688,-0.025557613187764616,-0.026341353306627013,0.125914,0.079334,0.040344,0.027963,0.022261,0.008336,0.003716,0.001762,0.001908,-5.1e-05
2019-09-01,0.01703525059107225,0.020812211420604854,0.004568289995976471,-0.03048,-0.019738,-0.013852,-0.009148,-0.005911,-0.001297,0.000941,0.001968,0.001787,0.000783
2019-10-01,0.020225842153316798,0.012764982839044592,0.03597563262349013,-0.012836,-0.008841,-0.000742,0.002008,0.002643,0.003274,0.003283,0.001961,0.001531,0.002286
2019-11-01,0.033480266071379106,0.027954069157546613,0.0440114799748077,-0.004773,-0.007468,-0.00741,-0.00639,-0.003725,-0.001038,0.000411,0.00113,0.001197,-0.000536
2019-12-01,0.028188756298542117,0.026792854358509643,0.034829314266023204,-0.036467,-0.02315,-0.011292,-0.005142,-0.000824,0.002274,0.00175,0.001498,0.001431,-0.00091
2020-01-01,-0.0016294196024428942,-0.021719839081633552,0.019681207598845063,0.089398,0.064401,0.039182,0.028826,0.019282,0.006337,0.002563,0.001308,0.001164,0.00388
2020-02-01,-0.08785953690838788,-0.09494539740314956,-0.06589583849821423,0.074637,0.052398,0.029902,0.024556,0.018282,0.008698,0.004675,0.001513,0.001208,0.002741
2020-03-01,-0.13366772467037435,-0.18383515075252355,-0.10672748623785466,0.085425,0.06534,0.039709,0.036416,0.027033,0.014069,0.009605,0.003067,0.001268,-0.002176
2020-04-01,0.11942083876017673,0.09885863406723061,0.14364307913019658,0.009765,0.00088,0.005024,0.001309,0.001673,0.001034,5.6e-05,0.000116,3e-06,-0.006687
2020-05-01,0.0442865329490969,0.03716543917717985,0.0653485186456102,-0.023604,-0.005622,0.000713,0.002889,0.003103,0.000826,-0.000148,2.9e-05,5.9e-05,2e-05
2020-06-01,0.018221374356718556,0.007666080607661385,0.058219917947164745,0.000237,0.001144,0.000388,0.001504,0.002134,0.000515,0.000373,0.000155,0.000111,0.005472
2020-07-01,0.05363680163450546,0.046913115147857454,0.06602076992768957,0.056713,0.031622,0.012821,0.007492,0.003856,0.00103,0.000759,0.00033,9.6e-05,0.005058
2020-08-01,0.06771908300435747,0.045522169691768255,0.09155208751814037,-0.06758,-0.03698,-0.014709,-0.006071,-0.001671,-0.000208,5e-06,6.9e-05,7.9e-05,0.003153
2020-09-01,-0.04001811998317706,-0.02670010861010219,-0.053009052927484035,0.005791,0.003965,0.00256,0.002053,0.000236,-0.000174,0.000174,9.9e-05,7.6e-05,0.001393
2020-10-01,-0.028055692285555267,-0.021691765106744754,-0.023183135950285205,-0.046765,-0.026512,-0.01731,-0.01045,-0.004806,-0.000383,-8.6e-05,6.7e-05,7.3e-05,0.000415
2020-11-01,0.10214642790660022,0.11945964046733337,0.11150717416833267,0.02261,0.01315,0.004016,0.004213,0.001938,0.000574,0.00052,9.6e-05,6.6e-05,-0.000611
2020-12-01,0.036449047840592996,0.03633887086081167,0.05498570556078164,-0.019274,-0.015255,-0.004965,-0.001264,0.000855,0.000738,0.000297,5.4e-05,6e-05,0.000941
2021-01-01,-0.011199137650889313,-0.008823763036437171,0.01405395928080111,-0.038203,-0.025772,-0.010713,-0.005692,-0.002329,0.000219,0.000107,0.00011,4.6e-05,0.004254
2021-02-01,0.025756876672536677,0.04171418260031068,0.00926473475472811,-0.072436,-0.05133,-0.025385,-0.021539,-0.012922,-0.000589,-0.000185,8e-05,4.5e-05,0.005474
2021-03-01,0.041562807282547354,0.03863452212238627,0.004124220431275916,-0.054127,-0.041254,-0.029342,-0.017719,-0.008277,-0.00011,0.0004,9e-05,2.7e-05,0.007083
2021-04-01,0.05109733046805509,0.03882128410308994,0.05262672664754753,0.027124,0.020594,0.011851,0.008199,0.005763,0.000416,0.000144,0.000146,1.4e-05,0.008219
2021-05-01,0.005471492716724313,0.020524301129501765,-0.015440833008167232,0.002703,-0.001067,0.003441,0.004066,0.003167,0.000776,0.000263,2.5e-05,5e-06,0.008017
2021-06-01,0.02197087256612207,0.0010903040259506724,0.05347383899079894,0.045272,0.03052,0.014084,0.004969,-0.001558,-0.001829,-0.000281,-4.5e-05,4e-06,0.009291
